id,batch,flue_z,inf_z,conc_z,flue_s,inf_s,conc_s,type,text,
1,A,3,2,3,5,3,3,generated,"tried 3 different antidepressants, no luck, been switched to seroquel after only trying 3. is it normal for my doctor to switch to an anti - psychotic after only 3 antidepressants?"
2,A,4,4,4,5,4,3,generated,"my friends are ignoring me for being closed off and depressed and i don't know what to do, i'm on medication and going to therapy, nothing has worked so far. i've been struggling with a lot of other shit too like add, adhd, and tourettes."
3,A,3,4,4,4,4,4,tldr,my girlfriend is really depressed and thinking about suicide . i want to help but she wo n't listen or believe me cos i have lost all credibility . what to do ?
4,A,3,4,3,3,3,2,tldr,"recently diagnosed and just starting school . was given a month 's supply of adderall 10 mg to hold me off while i am titrating strattera from 40 mg to 80 mg . i am concerned with the side effects of strattera affecting my schoolwork and personal life as it takes weeks for strattera to be effective . after being on adderall for a week , seems to be working perfectly . do i share my concerns with my doctor ? not sure if i am worrying too much . any advice ?"
5,A,3,2,2,3,3,2,tldr,did nt get the support i needed . i m sure i developed at least some kind of personality disorder in order to cope . i would have made many different life choices had i known . now that i do know i m in a pretty bad spot and not sure how to get out of it .
6,A,4,2,1,4,2,1,tldr,"is i 'm way too stressed out and i do n't know how to assess this . the year is almost over and i do n't think my parents are open to discussion when it comes to schoolwork . honestly , i do n't even know why i 'm posting this i just needed to vent without bothering my friends this is my first time on this subreddit and i do n't know if it 's really for helping each other out or just getting feelings out there i 've read the rules and i 'm a little confused as to how this works . i 'm just trying to figure things out . please do n't go crazy or report this or anything kindly let me know i 'm not in the right place and i 'll delete this . thanks for reading all of this"
7,A,4,4,5,5,4,4,generated,"old doctor retired, i got my old medical file and read the top page it said adhd resolved, now i'm worried that my new doctor won't believe me and i 'll have to go through lots of tests to prove my adhd isn't resolved"
8,A,2,2,2,4,4,4,tldr,"i 've been really low for a while now , started to push people especially my boyfriend away from me , building walls around me . how do i cope , how do i let my so , friends and family help me through this ?"
9,A,4,3,3,5,4,4,tldr,"finished first year of uni , failed a module due to my lack of attendance . looking for advice on how to get out of bed and attend on my bad days ."
10,A,3,4,3,5,4,4,generated,"mom had bpd, abandoned me, tried to commit suicide, i was raped, and now the obvious triggers get to me, cluttered houses, crowds, loud places, and the month of july is awful for me."
11,A,4,4,4,3,2,3,tldr,i like reading but it 's hard cause they feel like such a big commitment and i 'm sad and embarrassed about it cause i feel like i 'm not a real fan of the series i like cause i have nt managed to read all of them in three years .
12,A,4,5,5,4,5,4,tldr,"old friend has depression anxiety and comes to me to talk about it . even though i 've experienced both depression anxiety , though not as severe as my friend , i find it hard knowing what to say to her . thanks in advance for any help ."
13,A,3,2,2,4,5,5,generated,i got a scar on my face from a fight and people judment me because of it and i ca nt take it and it embarrasses me in public and i do nt know what to do
14,A,5,4,4,5,3,3,tldr,"i feel sad because i 'm alone , and i do n't feel like i can trust anyone to talk to about it ."
15,A,4,3,3,5,3,3,generated,"i'm tired of my life. i'm sick and tired of the service industry. i hate my job. i don't know what i want to do with my life and it's making me want to kill myself. i feel like i have nothing going for me. i have to try, though."
16,A,3,3,2,3,3,3,tldr,was diagnosed with anxiety 8yrs ago . saw a psych about it but then stopped . felt like garbage last year . seeing a doctor about it now . happy hopeful noises
17,A,5,4,5,5,4,4,generated,girlfriend says hurtful things to me when anxious. what should i do?
18,A,5,4,4,5,5,5,generated,"i'm a 15 year old male with severe anxiety. i have chest pains, heart palpitations, and am afraid to eat. i'm going to see a cardiologist for the third time in two weeks, but my chest pains have gotten worse in the past few days. i don't know what to do."
19,A,4,3,3,5,4,4,tldr,"i 'm afraid that invisible energy beams will cut me in half and that my essence will get trapped in things and i 'm a crazy lunatic paranoid mess , but i 've gotten really good at focusing and i 'm learning to live with it ."
20,A,4,5,5,5,4,4,generated,"i have nt had a panic attack in years, had one yesterday and now every time i think about leaving the house my heart races and i m scared of having another one. i do nt know what to do."
21,A,4,3,2,5,4,3,tldr,"i feel trapped and feel like a freak because i feel like i 've been pissed on and shit on by everyone , including myself . now i want help and i 'm the one in the wrong for some reason . i 'm afraid of a lot of things and my ed is getting worse because i 'm about to graduate . ps teeth are degrading and my parents hate it because they spent so much money on my braces , i had them for seven years ."
22,A,3,3,3,3,3,3,generated,"i'm having massive mood swings and mood swings, i grind my teeth and clench muscles, and i am very snappy and moody during these times. how can i get back to feeling normal?"
23,A,4,3,3,5,3,3,generated,my best friend has told me that she's been feeling rather one sided with my depression and i don't know how to approach it.
24,A,5,4,4,4,3,3,generated,i get so irritated when i m not doing what i need to do even though i know it s good for my mental health. is this bpd or rejection sensitivity?
25,A,5,4,4,5,4,4,tldr,"my friend is basically unable to function . she 's failed schools and lost jobs repeatedly . she needs next level care , but i do n't know what to do for her ."
26,A,4,4,4,5,2,3,generated,"i can't get out of the house, i have no permit or license, and i've been coming up with excuses for not getting out. i need to cut my hair, but i don't have the emotional capacity to do it."
27,A,5,5,5,5,5,4,generated,i gave a guy my number in an attempt to get to know him better and now i m not sure if i m ever going to see him again. i feel like i wasted my college years and now my depression is even worse.
28,A,4,4,4,3,4,3,tldr,"i think subconsciously i believe i 'm a terrible person . whenever i fight it or somebody tells me i 'm not , i try to believe them . i think this just causes the terrible person feelings to be be pushed deeper and turned into hurt . i think this causes my depression ."
29,A,5,5,5,3,3,3,generated,my gp won't prescribe me meds for the 6 months it will take to get reassessed and referred me to a new doctor. what should i do?
30,A,3,5,3,5,5,4,tldr,"dad is heavy drinker for 45 years , has liver damage . was in hospital in january after much coaxing , thought he was going to die , he stopped drinking and was doing better , he 's back in the hospital as of today . is his liver too far gone at this point ? anyone else experience this with their parents ? i 'm an only child , just need to vent seek answers support etc ."
31,A,4,4,4,5,5,4,generated,"i'm depressed, i've been getting set off by my girlfriend, and i don't know what to do anymore. i feel like i let the one girl i wanted in my life get away, and it's making me feel worse about myself."
32,A,5,4,4,5,4,4,generated,"stopped taking sertraline because of unbearable side effects, now life is painful and i can't feel anything at all, but i can have some good days."
33,A,4,5,4,5,3,4,tldr,"i am feeling irritable due to anxiety , bipolar disorder , stress , and lack of sleep . i just want it to stop"
34,A,4,3,3,4,3,3,tldr,"my doctor has me on meds that are n't helping me , and wants me to stick with it before she 'll give me the meds i need ."
35,A,5,3,2,5,3,3,tldr,"depression runs in my family and i 'm started to really feel it . sleep is the only thing in life i truly enjoy , as everything else i like either hurts me or someone else . i just do n't see a point in living if i ca n't just sleep forever . i ca n't date or talk to people about my depression because i 'm sexually and socially impotent ."
36,A,4,3,2,4,3,3,generated,"i wasn't diagnosed with sa but always hated socializing, never had a panic attack, didn't go to therapy, found out what the programming behind my sa was and it really helped me. now i'm happy and have a lot of self - esteem issues that i never would have before."
37,A,5,5,5,4,1,3,tldr,i want to kill myself or check myself in somewhere . i need help with resources .
38,A,4,2,2,5,3,2,generated,"took 2 10 mg doses of adderall ir yesterday and today, they didn't really help me focus and i had 2 cups of coffee in the morning. has anyone had this kind of affect? was it because of the allergies lots of histamine? would a bump up in the dose cause this?"
39,A,3,3,3,5,4,4,tldr,"student , been working 50 hours a week on drawing for the past year with no income . motivation crashed and burned , huge burn out , destroyed social life , and no money . do n't find enjoyment from drawing any more . having suicidal thoughts ."
40,A,5,5,3,5,1,2,tldr,"i 'm heartbroken , loneiy , tired , stressed out , and have mild to intense mouth pain . i just ca n't seem to have good days with all this going on ."
41,A,4,5,5,5,5,5,tldr,"a 20 year old dude that is freaking out about his career path whether it 's the right decision or not . just plays video games and not doing anything else , alone in life and never had a girlfriend ."
42,A,5,3,3,5,4,4,generated,i've been having nightmares lately and my dad is usually in them. i also took the time to paint a picture to help me grieve properly.
43,A,3,2,2,4,3,4,tldr,"ca n't stand being a cashier , got written up for being distracted not happy enough , not sure how to fix myself ."
44,A,2,3,2,5,3,3,tldr,"my life is on rails , which i always wanted . but i really want to end it all . and i 'm afraid i will do it suddenly without thinking . i do n't know what to do , i just feel life is too demanding . i have the best job , the best friends , the best fiancee , an awesome family , no financial worries and everything is like people would really want . but i ca n't handle it anymore . please help guys"
45,A,5,3,4,5,2,3,generated,i hate working and need therapy to help me get over it. any advice?
46,A,5,3,3,5,2,3,generated,i m a writer and i love it. the only way i can make money is by selling my skills.
47,A,5,1,1,5,2,3,generated,used to be an avid artist now i'm medicated and wondering if anyone else has had similar issues.
48,A,5,3,3,5,4,4,generated,"suicide is an extreme option, but you can always kill yourself later. do nt make that decision impulsively or without trying everything else you can first."
49,A,5,2,2,5,3,3,tldr,"i 'm having trouble helping clean up my apartment and i was wondering how other people on the subreddit handle ""doing their part ""of the chores . what are your best strategies ?"
50,A,4,4,2,5,5,2,tldr,"everyone tells me i will regret not forgiving my elderly parents when they die probably soonish . i am so fucking angry , i do n't know what forgiveness means or what it feels like or looks like . i feel so dumb and played for a fool that i did n't even realize until recently that all those negative aspects of myself , they came from how my parents treated me . i do n't feel like it is worth the emotional hassle of bringing anything up , even if i could forgive them . they will never admit to having done or said anything wrong . it would only be met with defensive vitriol and more shit about how i am too emotional and more gaslighting bs . how can i move past this and maybe forgive them ? i do n't want to live with this burning anger forever , i certainly do n't want to unwittingly project it onto my future children . i do n't want to live with regret after they are gone , but is that even avoidable ? what good can come of them knowing i am so full of anger and hate towards them ? how does forgiveness even work ?"
51,A,4,4,3,5,4,3,generated,"i'm lazy, i don't like what i do, i have no desire to do anything, i can't get out of bed, i'm not fit and i have nothing to look forward to in life. i have a girlfriend and i love her very much, but i have so much work to do and ca nt see her as she's from back home. i want to get a job as a waiter but it's very remote work and i 'd be too scared to talk to her. i've been feeling shit for a loooong time now and want to know if anyone has any advice on how to get over it."
52,A,4,3,2,5,5,3,generated,"i've always had adhd. i've been trying to get a degree for the last 10 years. i finally told my mom about it and she basically told me to go to the doctor, he 'll just give me pills and send me on my way. she's telling me i need to find another way through college so i can get my degree, but most of my friends are at real schools while i'm stuck in a one horse town, working at a supermarket. she also thinks adhd isn't a mental disorder and is trying to tell me to stop being sad all the time."
53,A,5,5,5,5,5,4,generated,"my girlfriend got pregnant with my child, i told her i didn't want a child, she still went ahead with it, now i live with her and my child and i don't know how to get out of this situation."
54,A,4,4,4,5,5,4,generated,"i think i'm faking my illness, and my anxiety makes me think that it's all in my head, even though i know that's not true. i feel like my body is falling apart, and i don't know what to do."
55,A,5,5,5,5,4,4,generated,i have horrible anxiety about going to work and it carries over to my days off too. how do i relax from work?
56,A,4,4,4,5,3,4,tldr,i 've had panic attacks and anxiety for close to 20 years i want to help others message me and let me try and help
57,A,4,3,3,5,3,3,tldr,"i have a good working life , sad home life which is affecting my work and i have no motivation to work anymore since i am constantly worried about the future ."
58,A,2,1,1,4,2,2,tldr,the core reasons for a strict need for open honesty and stability saying that she comes off as dismissive and invalidating is a good one that really helps spell out clearly how i feel about the whole thing . thank you for your response !
59,A,3,4,4,5,5,4,tldr,"abusive parents , perverted 74 year old grandpa , two pets and probably getting kicked out for real . job is at school and might have to drop out of school to pay for an apartment . no friends can take me in . kinda screwed . would rather be dead ."
60,A,4,3,2,5,5,4,generated,i have adhd - pi and my parents took me out of regular school and home - schooled me for a few years because of my adhd. now i'm graduating college and i feel like i let people down because i can't do things the way everyone else does even if it's not fair to me. it makes me feel really shitty that they had to take on all of my responsibilities and that i had to do all the work on my own no matter how hard i tried and it made me feel like a failure and i don't know how to deal with it.
61,A,5,4,4,5,4,3,generated,i was sexually abused as a teenager and now i am in a long - term relationship. i have nightmares about my ex - boyfriend almost every night and my husband has to hold me until i wake up. he is trying to be supportive and help me gain weight but i don't know how to tell him about it.
62,A,4,5,5,4,4,4,generated,"i'm the biggest introvert in my family, and whenever i go out i feel like i'm annoying my family by doing what i do, even though i know they're all great people"
63,A,4,1,1,5,2,2,generated,"my prescription lapsed, the pharmacy made it sound like they were talking to my doctor on my behalf, and now i'm in a depressive episode, but knowing that i have enough resources to take care of myself has made me feel better."
64,A,5,4,5,5,2,2,generated,my friend is suicidal and i need advice on how to help him.
65,A,5,4,5,5,2,2,generated,"i'm not suicidal, but i've been thinking for years "" why am i even here any more? ""i don't have anyone i can talk to about all this."
66,A,3,4,4,5,4,3,tldr,"looking for knowledge stories on people 's experiences starting adhd medication and what exactly improved , and what needs to really be worked on . also , any tips in general - especially college wise ."
67,A,5,5,5,5,3,3,generated,i have tried a lot of different medications and nothing seems to work. only thing that seems to help is alcohol and i am wondering if anyone has had a similar experience.
68,A,4,3,3,5,4,4,generated,"i delayed passing notes to a girl i hadn't met before, and now i am torn on whether what i did was sabotage or was it justified."
69,A,4,4,3,5,3,2,tldr,"i had my first extreme episode in a long time and realized my bf and i need more resources and plans for when they happen . please link share any resources , action plans , anything to help me help him understand and work with my disorder . sorry for the word wall !"
70,A,5,4,4,5,5,4,generated,"lost my dream job, living in an unfamiliar city with no friends, boyfriend doesn't see me as much and i'm scared i won't be able to get my life back on track."
71,A,5,3,3,5,4,4,generated,"i have a job interview tomorrow. i am nervous about the interview, but even more nervous that i wo nt get a job offer. any advice on how to approach tomorrows interview?"
72,A,4,5,5,5,3,3,tldr,"i m regretting my decision to break up with my girlfriend because i ca nt figure out whether my feelings for her are romantic or platonic , and with severe depression in the mix of all of this , it 's all very confusing and hard to separate ."
73,A,5,4,4,5,4,4,generated,"i'm going to see a gp for the first time to see if i have adhd, but i'm not sure what to say or how to tell the gp."
74,A,4,4,4,5,5,4,tldr,"i relapsed really hard and learned from my mistakes , now it 's time for me to finally just grow up and experience all that my mind is really capable of ."
75,A,4,1,1,5,1,2,generated,"depression is a chemical imbalance in the brain, antidepressants try to correct this, but they can't fix it if the chemical imbalance is there in the first place."
76,A,3,4,4,5,4,4,tldr,i 'm a senior guy knowing his shit but i get ran over in discussions where i should be able to stand my ground . do you have some experiences dealing with similar issues ?
77,A,5,2,2,5,3,3,generated,"i have no home support system, no real friends, and never been in a romantic relationship before in my life."
78,A,5,4,4,5,4,3,generated,i can't control my heart rate or bmi and i'm wondering if it's my anxiety or something else that's causing this. i have a lot of health issues but everything else in my life is fine and i feel like this is going to be a problem for me down the road.
79,A,4,4,4,4,3,4,tldr,"i have 5k and want to know the best way to start my life over and do it right , from scratch , in a new place and transition into a school attending , working person ."
80,A,3,2,2,5,1,2,generated,it is a drug that is a shackle on the ankle with a chain around the ankle and the withdrawals suck bigtime but nothing compared to the paxil withdrawal.
81,A,4,4,4,5,5,4,generated,"family trips cause me to think of suicide, self harm, and mood swings, and i do nt know how to stop it."
82,A,5,4,4,5,5,5,tldr,poorly managed adhd harms me my family and it was not diagnosed sooner because doctors hospitals and therapists suck at their job and my parents failed me . i do n't want to seek therapy because of negative experiences with it and now my wife is super pissed . not sure if i care . i ca nt get back my life i ca nt change the past and i am convinced its not worth the hard work for the marginal improvement .
83,A,4,4,4,4,5,4,tldr,"get tested and diagnosed . meds will help , adderall helped me substantially . but seeing a psychology professional will even more in the long run ."
84,A,4,4,4,5,3,3,tldr,"girlfriend has a drinking problem that is getting progressively worse and a disease that requires healthcare and i 'm not sure if i should seek out rehab , a psychiatrist , inpatient , outpatient or what ."
85,A,5,3,4,5,4,4,generated,"i have depression, anxiety, and suicidal ideation, and i do nt know why i m asking for attention. is suicide really not the only reason i m depressed, or is suicide just a way to get attention?"
86,A,4,3,3,5,3,2,tldr,"i 've just been diagnosed , waiting to be medicated , having a bad day and i just want to feel understood and cared about ."
87,A,4,2,1,5,2,2,tldr,"after putting up with these symptoms for years now its gotten to the point where i truly do need help . basically what i m asking is , has anyone been in a similar situation before ? how did you bring it up ? any and all advice on this would be appreciated , thank you for reading this far if you did"
88,A,5,3,3,5,3,4,tldr,i took the most important person in my life for granted and now i 'm miserable ! how do i get past this ?
89,A,4,4,4,5,4,4,generated,"newly diagnosed with asperger's, doctor prescribed me a new medication called abilify for anxiety. i'm extremely nervous to start taking it, and have had previous experiences with other medications side effects, including tardive dyskinesia, restless leg syndrome, and other movement disorder that also relate to td."
90,A,4,1,1,5,5,5,tldr,"turning 30 , just being diagnosed . feel like i wasted my time up to here and that life could be different if i knew ."
91,A,4,5,5,5,4,4,generated,my father is dying of cancer and i'm taking care of dementia and i have no money to help care for them. i live in the country with a man who loves me but i don't have the means to help. i feel like i deserve to live in this lonliness and helplessness lack of self worth.
92,A,4,2,2,5,3,3,generated,been going through a lot of shit lately and i just feel unmotivated to do anything and i do nt know what to do.
93,A,5,3,3,5,4,4,generated,"chronic emptiness is a symptom of bpd and since we have bpd, we can expect to feel that way."
94,A,4,1,1,5,4,4,tldr,idk how to react to people when they 're like why r u like this and it makes me feel weird idk
95,A,4,4,4,5,3,3,tldr,"my whole life sucks , but doing the smallest things with my full focus and attention , rather than thinking about the future , makes right now a whole lot more bearable ."
96,A,4,1,1,5,2,2,tldr,it 's already a summary of my life basically so to summarize the last 15 years of my life anymore just seems stupid .
97,A,4,4,4,5,4,4,generated,"i'm a loser and my family does nt care about anything but getting their kids to bed early and going out shopping, and i get judged and misunderstood for being broke and working retail and living at home."
98,A,4,4,4,5,4,4,generated,"exercise, drinking concentrate coffee, power bottoming, and regularly working out, or doing something that requires a lot of energy prior to sex could help me focus better on getting off."
99,A,4,5,5,5,2,2,tldr,i 'm sorry . it will get better so soon . read up on tips hacks tools for adults with adhd . start using and doing them .
100,A,4,4,4,5,4,4,generated,"family trips cause me to think of suicide, self harm, and mood swings, and i do nt know how to stop it."
1,B,5,3,3,5,3,3,tldr,wondering if anyone had success with seroquel and is it normal for my doctor to switch me to an anti - psychotic after only trying 3 different antidepressants .
2,B,5,5,2,5,5,2,tldr,my friends do n't want to talk to me anymore because i 'm depressed and closed off so i 'm not fun to be around . i 've tried opening up to them but they said it 's too late and they no longer want to listen . i have other mental disorders that also hurt my self esteem and i always blame myself for everything because i truly believe i 'm at fault . i would just like any advice to make new friends or to try to get better . i panic a lot and really easily and i 'm panicking just typing this out because i 'm afraid that maybe there is n't anything i can do and i 'm just wasting my time . i 'm sorry for the length and for how all over the place this is i do n't want to proof read it or i 'll just end up not posting it because i 'm too afraid .
3,B,5,4,4,5,2,4,generated,my girlfriend is really depressed and i don't know how to help her.
4,B,4,5,5,5,5,4,generated,i have been prescribed adderall xr and strattera and i am hesitating in starting them because of the possible side effects and time frame in which my doctor and i will know it is working. should i talk to my doctor about my concerns or am i worrying too much?
5,B,5,2,2,5,2,4,generated,i wish i was diagnosed earlier because i made it so far without support and now my life is in tatters.
6,B,4,4,4,5,5,4,generated,school is making me depressed and i'm having suicidal thoughts and i don't know what to do.
7,B,5,5,5,5,4,4,tldr,"my old doctor retired and on my medical file said that my adhd was resolved , when it 's not . now i am worried any new doctor will think he is right and i wo n't be able to get proper treatment for it with out doing new tests ."
8,B,4,3,3,4,3,3,generated,"i'm pushing everyone away from me, which leaves me all alone in my head, which makes me even more miserable."
9,B,5,3,3,5,4,3,generated,i failed an important module in my first year at university and i don't know how to change my behaviour before i begin my second year.
10,B,3,4,3,5,5,5,tldr,"mom had bpd , was abusive , killed herself and involved me . now the obvious triggers get to me , cluttered houses , crowds , loud places , and the month of july is awful for me ."
11,B,4,4,3,5,4,4,generated,i love reading but i'm really bad at it and i do nt think i 'll ever get through all of the books in the harry potter series and miss peregrines home for peculiar children.
12,B,5,5,5,5,4,4,generated,"my friend has depression, anxiety, and bpd and i don't know what to say to her when she comes to me to help her with her mental health."
13,B,3,5,3,5,4,2,tldr,got dumped because of a scar on my face and i do nt think there would be any girl who loves me and accept me .. is there any girl on earth would accept to be in a relation ship with someone who looks like a criminal ? .. i do nt know why i m writing this post just want to let it out .. thank you
14,B,3,3,3,5,4,4,generated,"i'm 19, virgin, never had a girlfriend, and i feel like if i had someone who i could trust to talk to, then things would get better."
15,B,4,4,4,5,5,4,tldr,"a lot of shitty things happened to me this month . i lost my job , broke up with my boyfriend because of his drug problems , and had my iphone a birthday gift stolen at a friend 's house . i 'm also having really bad self esteem problems and trouble socializing . i 've been terrified of going back to school because of an injury i sustained a few years ago , but i have to try ."
16,B,4,3,3,4,4,4,generated,"diagnosed with gad and agoraphobia 7 years ago, been on meds and seeing a psych for a while, now finally going to the dr for help."
17,B,4,5,5,4,4,4,tldr,girlfriend with anxiety says hurtful comments to me when anxious . wondering if this is normal .
18,B,4,4,3,3,3,3,tldr,"skinny 15 year old having chest pains for two months , convinced i 'm having a heart attack or a serious undiagnosed illness . been to pediatrics thrice , first cardiologist appointment since in two weeks , paranoia interfering with daily life . y'know , anxiety stuff . if you took time out of your day to read , thank you ."
19,B,5,4,4,5,5,4,generated,"i have an energy thing that i can control but it can be affected by other energy so i have to do rituals to make sure my energy doesn't get trapped in things that turns off or on, etc. how has it affected my life? it slows me down and i look a little kooky sometimes in public."
20,B,3,4,4,5,4,3,tldr,"got vaccinated and after a year of staying home i ve been socializing a lot , and i think i underestimated how much my anxiety had gone up and that i needed to take it slow ended up having a bad panic attack for the first time in years ."
21,B,4,5,4,5,4,4,generated,"my parents don't know anything about mental illness and i'm afraid to ask for help because they 'll hound on me for being a waste of their money and i can't beat an ed on my own, and i do nt want to go to therapy because i've never been to a therapist before."
22,B,3,5,4,4,5,3,tldr,"20 y o male . feels trapped , mood swings ranging from excited and optimistic to agitated , anxious , and stressed . never felt like this before . feels like i 'm stuck on auto pilot some days . some drug use read above"
23,B,3,2,2,3,3,2,tldr,my good friend and ex girlfriend has decided she ca n't be arsed trying to communicate with me and it 's probably down to the fact that i 'm depressed .
24,B,3,1,1,2,2,3,tldr,i feel like a fake . like i do nt have adhd because somethings i m fine at . just how i do nt feel like i have depression at times because i do nt feel it all the time .
25,B,5,5,5,5,4,2,generated,my friend has depression that has gotten out of control to the point where she can't maintain school or work. she's failed out of school so many times that it feels like she has no other options. she is not talking to anyone. i don't know what to do.
26,B,5,3,3,5,4,4,tldr,"i ca n't allow myself to be seen in public , but i need to get out of the house . what do i do ?"
27,B,4,3,3,5,4,4,tldr,depressed over a guy . i feel like i 've blown any chances i had with him to get to know him better and that i 've wasted my college years . i doubt i 'll find someone who i like just as much .
28,B,4,5,5,5,4,4,generated,"i think i'm a terrible person and can't ever do anything, but the feelings of self - loathing and self - pity keep pushing the pain inside, and i don't know what to do."
29,B,5,3,3,5,4,3,tldr,"gp wo n't prescribe medication . should i wait for psychiatrist referral or find a better family doctor ? if the latter , how do i find a new one who is comfortable prescribing ?"
30,B,4,5,5,4,4,4,generated,"dad has liver disease, was in the hospital for a year, refused to go to the hospital, now he's on his way there now, i'm going to take him. it's hard to deal with, and i don't know what to do."
31,B,4,5,5,4,2,2,tldr,"i was never a happy person . i found a girlfriend , fell in love , she broke up with me and i 've felt the worst i 've ever felt since . parents , co - workers , and friends know something is bothering me , and i 'm holding it all in which is making me and everyone around me worse ."
32,B,4,4,4,5,4,4,tldr,sertraline 150mg caused severe side effects so stopped taking . does anyone feel better on them or recommend switching to a different medication ?
33,B,5,4,4,5,5,5,generated,"i get mad over everything, especially my anxiety and bipolar disorder. i hate this feeling."
34,B,4,4,4,5,4,4,generated,"my doc has started me on klonopin alone for my add, and i feel foggy and disorganized. she wants me to take a month before discussing stimulants, but i don't think i can last that long."
35,B,5,3,3,5,5,4,generated,i want to die but i can't because i'm afraid of the pain and there are people that care about me that would be sad and worse off if i didn't. i don't know what to do.
36,B,3,3,2,4,4,2,tldr,"therapy pretty much cured me . i look back at my pre- 35s and am astounded that i did n't know more was wrong , that i did n't try to get help , that no one did anything . i look forward to the next 35 years doing things i enjoy , accepting myself , and being happier . p.s. coming from a healthier position i can look at my interactions with my parents and go ""ah - ha , that action attitude there is exactly where i learned that i was worthless , that the world is super scary , and that interacting with people at all is going to result in me being destroyed ""."
37,B,4,4,4,5,5,5,generated,"life is pointless, i want to kill myself, can't afford to go to a hospital, no money, no insurance, no where to go."
38,B,4,3,3,5,4,3,tldr,"upped dose from 5 mg to 10 mg , positive affects seemed to disappear , added coffee before taking second dose , now i 'm just super energized and hyper . was this because of the upped dose ? have any of you had this happen because of your allergy medicine or caffeine ?"
39,B,5,5,5,5,4,3,generated,i've completely derailed my life by focusing on getting a job as a concept artist and i can't do it anymore. i'm not good enough to make money from my art and i don't have the energy or resources to do anything with my life.
40,B,4,4,3,5,2,3,generated,"i'm broke, have to move, no money, no social life, no job, no car, and no money."
41,B,4,4,4,5,4,3,generated,i don't know what i'm doing with my life and i can't even tell my family and i do nt know if i want to do this even though i've wanted to for years now.
42,B,4,3,3,5,3,3,tldr,"it started out with a few tears , i suppressed as much as i could , and now that i m on my own i 've found better ways to deal with the grieving process ."
43,B,5,3,3,5,2,2,generated,"i hate being a cashier, and i don't know how to get out of it. any tips?"
44,B,4,3,3,5,4,3,generated,"i've been on and off meds for a long time, i'm engaged, i have a great therapist, my mom is very understanding, and i don't have a problem financially but i just want to end it all."
45,B,5,3,2,5,3,2,tldr,my bpd prevents me from working and i need a solution so i can afford to live and survive . which therapist would be best to help with this ? thank you for reading ! sorry if it was too long
46,B,5,2,2,5,3,3,tldr,people are willing to pay me money for obsessively researching and writing about specific science topics .
47,B,4,2,2,5,3,2,tldr,it 's hard to focus on finishing my own artwork because it takes prolonged effort .
48,B,4,2,1,5,2,2,tldr,"the point is to try to make the world a better place even just a little bit , which will make other people happier , and make you a little bit happier ."
49,B,5,3,3,5,3,3,generated,"my mental illness makes it hard for me to start things i don't want to do, even if they're something i enjoy doing."
50,B,4,3,3,5,5,3,generated,"my parents are divorced, in their 70's, my father is increasingly bigoted, my mother is a gaslighter, an emotionally manipulative harpy, and i am tired of being concerned for her, i have basically no respect for her anymore based on how she's decided to live her life after my parents divorced right after i left the house, i mediated and spoke between them for years after despite repeatedly telling them i wasn't their lawyer, and now i don't even care about the divorce stuff. i am angry at myself for taking so long to see them for what they really are."
51,B,3,5,4,5,3,3,tldr,i do n't enjoy life i have a complete lack of motivation i 'm not at all fit i dislike uni although thankfully i graduate this year i 'd rather stay in bed than eat or drink i do n't have any friends . there 's more to put that i ca n't think of at the moment but that 's the general gist .
52,B,4,4,2,5,5,2,tldr,"my parents do n't believe that they could produce a child with a mental disorder . they do n't believe i should see a doctor because he 's just gon na give me dangerous drugs that will be a short term easy way out but in the long term hurt me . mom says ""i would never ever want one of my kids to be on those drugs . just ask your sister pharmacy student about them . ""my mom said she 'd talk to my dad tonight so it 's not over yet . i do n't know exactly how he 'd react , but i know i need to get some help for this . sorry for the length i 'm really hurting right now ."
53,B,5,5,5,5,5,5,tldr,girlfriend had my baby despite me consistently making it clear that i did not want it . now i feel trapped and depressed and do n't know what to do .
54,B,4,4,4,5,3,3,tldr,"my brain is telling me that i 'm lying to myself and everyone around me about my health problems , even though i know that 's not true ."
55,B,5,5,5,5,4,4,tldr,i 'm stressed about having a job . i want to learn to accept it and feel better . i need tips on how to worry less about work and not let it consume my life .
56,B,3,3,2,5,5,5,generated,i have anxiety panic attacks since i was 17 i am 36 now and i haven't been able to find a therapist until my 36th birthday and i want to offer myself to anyone out there who needs someone to listen someone to help for anyone who can't afford a therapist or has no social life.
57,B,4,4,4,4,3,3,generated,i am a computer programmer living with my parents for a year has messed up my thinking process and working life. my mental health is going down and i don't feel like waking up. i am lonely and miserable as ever.
58,B,4,2,2,5,2,2,generated,i think my mum and her dad have asperger's hahaha and it's very confusing
59,B,4,2,1,5,3,3,generated,"my fiance's grandpa wants to kick me out, i have no money, and i have a pet bird and lizard that i paid for that he's been mad at me for 6 months. i have 157 in my bank account but i can't afford to pay for my school."
60,B,3,3,3,5,3,3,tldr,"i feel like i had to live a lie and struggled a ton before it was discovered what was going on with me . things much are much less difficult now , but my past is just so unsettling so any advice on how to not be so disturbed and hurt about it would be appreciated also similar experiences . it took me forever to write these , but i 've held back these thoughts for a while ."
61,B,4,4,4,4,2,3,tldr,"i do n't know how to cope with an abusive ex in the past , makes me feel depressed because it could ruin my marriage ."
62,B,4,5,4,5,4,4,tldr,"i feel really bad for being overly reclusive around my family and i want to change that . just felt i needed to get that off my chest , that 's all"
63,B,4,1,1,5,3,3,tldr,"rant about healthcare system i 'm an eeyore , but my friends love me , and i have definitive evidence that the meds i normally take have been working to make me a more balanced human being . thanks for listening ."
64,B,4,5,4,4,4,4,tldr,"my depressed , suicidal friend is using lots of different drugs . i hate for him to kill himself , overdose , or get hooked on some bad shit . i need advice ."
65,B,5,3,3,4,3,3,tldr,"i have n't felt relevant in probably a decade . no one i 'm interested in is looking to date anyone like me , and even when i do find someone who might be willing , he lives 12 hours away . i just feel like i 'm useless and unwanted , floating through life with no direction ."
66,B,5,5,5,5,5,5,generated,just started adderall xl today and i'm pretty psyched about it so far. what should i expect in terms of what gets improved just by medication - and what requires a combination of working on it and medication?
67,B,4,3,3,5,3,3,tldr,"the only medications that seems to help are stimulants , but only a little . alcohol helps a lot , but i am afraid to go down that road ."
68,B,4,5,3,5,3,2,tldr,"angie was condescending and snidy towards me . in retaliation i did n't give her notes on time , this possibly had an impact on her grade . am i a bad person ? and should i apologise . ? p.s . it sounds very childish but with adults it 's just difficult to manage these situations of you are n't the best talker ."
69,B,4,5,5,5,4,3,generated,i'm coming out of an extremely intense anxiety and panic attack that has affected me for over a week and i need some resources to help me and my bf establish some sort of system plan understanding how to work together in situations like this.
70,B,4,2,2,5,3,2,tldr,"i feel very alone , very scared in an unfamiliar place in the world and i 'm not coping . i just wanted to put this out there ."
71,B,4,4,4,5,4,4,tldr,job interview tomorrow . scared to get offered a job that s a little far from me due to agoraphobia . scared to turn down a second opportunity over my disorder . any advice ? thank you to whoever reads this !
72,B,4,3,2,5,4,3,generated,"i was left with a lot of doubts throughout the relationship, and now i m wondering if i made the wrong choice and would like to try again, or if its just dumpers regret. has anyone else gone through this? any advice on what i should do?"
73,B,5,5,5,5,3,3,tldr,going to a doctor soon - ish . want to know how to properly explain my symptoms and not come across as someone who just wants ritalin .
74,B,5,3,3,5,3,3,generated,"i am taking the first step into my real adult life, where i finally realize all the feelings that life has to offer, without wearing the blinders."
75,B,4,1,1,5,2,3,tldr,depression anxiety and adhd are not directly related but they interact with each other that can make it worse or better .
76,B,4,4,4,5,4,3,generated,i was set back and unable to respond to a presentation from a new upper management guy at work today and now i feel like i'm not being able to move up in my career. i really need to learn this.
77,B,5,3,3,5,3,2,tldr,"i feel like my depression is just a result of a number of shitty events and circumstances snowballing to the point where i can barely function as a human being , starting with my peers and continuing on to my home life ."
78,B,4,4,4,5,4,4,tldr,healthy 29f continues to have a really high resting heart rate and high blood pressure regardless of diet exercise . wondering if this is stress related and mental since nothing physical has worked yet .
79,B,4,4,3,5,4,3,generated,"i have 5k in a savings account, i haven't been using it for drugs, i don't have a car, and i really want to go back to work and get an education. do i take this 5k and turn it into 10 - 15k and try to get a job and get into school and be broke off my ass or buy a decent car and get a degree and get my shit together before the law gets after me?"
80,B,5,4,3,5,4,4,tldr,"paxil is a hell of a drug , it is physically addictive , harder to quit than oxycodone and ruins your life by making your brain not give a shit about anything ."
81,B,4,4,3,4,3,3,tldr,"i become a depressed piece of shit whenever my family goes on vacation , and i want to stop being a depressed piece of shit , but i m too busy being a depressed piece of shit for anything i ve tried to work at all ."
82,B,4,4,4,5,4,4,generated,i do nt have the energy or desire to put in any more effort in my treatment. i have been in therapy multiple times and have been on anti depressants multiple times. my wife wants me to get a formal diagnosis. i am tired and i am burned out i am nearly 40 and have not really achieved any of my life goals. i do not know what to do with my life and i have no desire to go through with it. i just want to give up.
83,B,5,5,4,5,3,3,generated,"i had a similar experience, my girlfriend noticed a 180 change in me and now our relationship is back on track. the important thing is to learn to deal with the adhd and see a therapist."
84,B,4,5,5,4,4,4,generated,my girlfriend has a drinking problem and i think has been for most of her adult life. she has a rheumatic disease and anxiety and i am wondering what the best course of action is for her to get help. she is not on xanax and i can't even talk to her when she is clear headed.
85,B,4,4,3,5,4,3,tldr,"i do nt know the cause of my depression no matter how hard i try to find it , and i want people to see my sh scars , but the main reason i sh is for self punishment . am i an attention seeking asshole , or just lonely and want someone to care about me ? do nt go easy on me in the replies , i can very easily handle any criticism , and wo nt be triggered by any unsavory opinions . thanks all"
86,B,4,4,4,5,4,4,generated,"i got diagnosed with adhd and started meds on thursday, i'm grieving big time, my life is a mess, i need support and advice on how to cope."
87,B,5,5,5,5,4,4,generated,"i have what i can reasonably suspect is ocd and my parents are very old fashioned when it comes to mental health and care, i have tried to get them to take me to the doctor for help but they just brush it off and tell me to get over it."
88,B,3,2,2,4,3,2,generated,i'm a piece of shit who treated my so horribly and now i'm filled with guilt and shame that i ruined the best thing i had in my life.
89,B,4,5,4,5,3,2,tldr,"new aspie diagnosis , having overstimulated episodes daily from anxiety . always get bad side effect from meds . doctor wants me to start a low dose of abilify , which has potentially irreversible , life - altering side effects . is it worth the risk ? is it beneficial ? thanks for reading , any advise input is appreciated ."
90,B,5,5,5,5,4,3,generated,"i'm 30, just got diagnosed with add, and i'm not sure if i can handle the shame of being this age not being at the same level as everyone else."
91,B,4,2,2,5,2,3,tldr,"i 'm doing more wholesome things but i feel more trapped and uninspired than ever if i just sound like a fuck up you 're probably right but please do n't respond , i need help ."
92,B,4,5,5,5,2,4,tldr,"lost my gf , my living space , my job , my income , and most of my friends . not sure if depressed ."
93,B,3,1,1,4,3,3,tldr,"i need more drugs . fuck videogames though , they ruin life 's man . also , fuck , do i press send this post is so retarded wtf , anyway i feel ya"
94,B,5,3,3,5,2,2,generated,my friend asked me why i always forget to do things and i didn't know what to say so i just did nt say anything.
95,B,4,2,2,5,4,4,generated,"i don't worry too much about the future, i'm just living now, and i've learned that if i pay attention to the now, the anxiety usually goes away."
96,B,4,5,5,5,4,4,generated,i'm not sure if i even have adhd or if my daily dose of concerta is helping me or if i'm just getting immune to it.
97,B,3,4,4,5,3,3,tldr,"just wanna have fun with family , family makes me sad i dunno guys . just wanted to vent i guess ."
98,B,4,4,4,5,2,3,tldr,pretty much anything where i am passive or just going through the motions is counterproductive . maybe you re the same way and hopefully more active roles or stimulating preparation helps !
99,B,5,2,2,5,3,3,generated,don't wait for the professional help - focus on the things that already helped you in the past and work on them while you wait for professional help.
100,B,4,4,3,4,3,3,tldr,"i become a depressed piece of shit whenever my family goes on vacation , and i want to stop being a depressed piece of shit , but i m too busy being a depressed piece of shit for anything i ve tried to work at all ."